{"cameraMode":{"drawMode":0,"name":"Shaded","section":"Shading Mode"},"sceneLighting":true,"audioPlay":false,"sceneViewState":{"m_AlwaysRefresh":false,"showFog":true,"showSkybox":true,"showFlares":true,"showImageEffects":true,"showParticleSystems":true,"showVisualEffectGraphs":true,"m_FxEnabled":true},"in2DMode":false,"pivot":{"x":-5.17078971862793,"y":1.2811555862426758,"z":-1.441353440284729},"rotation":{"x":-0.013743485324084759,"y":-0.09587644040584564,"z":0.0013495137682184578,"w":-0.995312511920929},"size":2.5669896602630617,"orthographic":false}