{"cameraMode":{"drawMode":0,"name":"Shaded","section":"Shading Mode"},"sceneLighting":true,"audioPlay":false,"sceneViewState":{"m_AlwaysRefresh":false,"showFog":true,"showSkybox":true,"showFlares":true,"showImageEffects":true,"showParticleSystems":true,"showVisualEffectGraphs":true,"m_FxEnabled":true},"in2DMode":false,"pivot":{"x":1.8768490552902222,"y":-2.178816080093384,"z":14.269923210144043},"rotation":{"x":-0.12285440415143967,"y":0.04789702966809273,"z":-0.005936091300100088,"w":-0.991253137588501},"size":10.072803497314454,"orthographic":false}