{"cameraMode":{"drawMode":0,"name":"Shaded","section":"Shading Mode"},"sceneLighting":true,"audioPlay":false,"sceneViewState":{"m_AlwaysRefresh":false,"showFog":true,"showSkybox":true,"showFlares":true,"showImageEffects":true,"showParticleSystems":true,"showVisualEffectGraphs":true,"m_FxEnabled":true},"in2DMode":false,"pivot":{"x":17.06097412109375,"y":-17.305238723754884,"z":0.39158231019973757},"rotation":{"x":-0.03046526573598385,"y":0.9658306837081909,"z":-0.21984516084194184,"w":-0.13384078443050385},"size":2.4137580394744875,"orthographic":false}