{"cameraMode":{"drawMode":0,"name":"Shaded","section":"Shading Mode"},"sceneLighting":false,"audioPlay":false,"sceneViewState":{"m_AlwaysRefresh":false,"showFog":true,"showSkybox":false,"showFlares":true,"showImageEffects":true,"showParticleSystems":true,"showVisualEffectGraphs":true,"m_FxEnabled":true},"in2DMode":false,"pivot":{"x":-0.027829408645629884,"y":0.06759494543075562,"z":0.18309952318668366},"rotation":{"x":0.21904288232326508,"y":0.71738600730896,"z":-0.25805938243865969,"w":0.6089210510253906},"size":0.4620906710624695,"orthographic":false}